{
  "mean": [
    49.69121142625669,
    49.8615262387465,
    50.57676552175167,
    51.529130390964276,
    0.9058823529411765
  ],
  "scale": [
    28.446322802625183,
    29.77367531767788,
    29.45865230374642,
    28.949321040070497,
    0.8062043152476172
  ]
}